Country,Ratio
Canada,3.5
US,2.642857143
Brasil,3.15
Spain,3.272727273
France,1.611111111
Britain,2.076923077
Germany,3.1
Italy,3.833333333
China,3.8125
Japan,1.363636364
Australia,2.642857143